{"cameraMode":{"drawMode":0,"name":"Shaded","section":"Shading Mode"},"sceneLighting":true,"audioPlay":false,"sceneViewState":{"showFog":true,"showMaterialUpdate":false,"showSkybox":true,"showFlares":true,"showImageEffects":true,"showParticleSystems":true},"in2DMode":false,"pivot":{"x":-17.025203704833986,"y":-4.105973720550537,"z":137.8119659423828},"rotation":{"x":-0.11541419476270676,"y":0.2731444239616394,"z":-0.03292390704154968,"w":-0.9545127749443054},"size":278.6542053222656,"orthographic":false}