{"cameraMode":{"drawMode":0,"name":"Shaded","section":"Shading Mode"},"sceneLighting":true,"audioPlay":false,"sceneViewState":{"showFog":true,"showMaterialUpdate":false,"showSkybox":false,"showFlares":true,"showImageEffects":true,"showParticleSystems":true},"in2DMode":false,"pivot":{"x":-210.2346649169922,"y":-13.388395309448243,"z":-47.28425216674805},"rotation":{"x":0.0570315420627594,"y":-0.1361495554447174,"z":0.007847784087061882,"w":0.9890228509902954},"size":627.1572875976563,"orthographic":false}