{"cameraMode":{"drawMode":0,"name":"Shaded","section":"Shading Mode"},"sceneLighting":true,"audioPlay":false,"sceneViewState":{"showFog":true,"showMaterialUpdate":false,"showSkybox":false,"showFlares":true,"showImageEffects":true,"showParticleSystems":true},"in2DMode":false,"pivot":{"x":0.0,"y":2.0050010681152345,"z":1.957000732421875},"rotation":{"x":0.1424165815114975,"y":-0.47779080271720889,"z":0.07882244139909744,"w":0.8632704019546509},"size":48.73878479003906,"orthographic":false}