{"cameraMode":{"drawMode":0,"name":"Shaded","section":"Shading Mode"},"sceneLighting":false,"audioPlay":false,"sceneViewState":{"showFog":true,"showMaterialUpdate":false,"showSkybox":false,"showFlares":true,"showImageEffects":true,"showParticleSystems":true},"in2DMode":false,"pivot":{"x":-0.7309536933898926,"y":0.39081206917762759,"z":-0.29755687713623049},"rotation":{"x":-0.05099192634224892,"y":0.9461514353752136,"z":-0.26064297556877139,"w":-0.1851043850183487},"size":5.487165927886963,"orthographic":false}