{"cameraMode":{"drawMode":0,"name":"Shaded","section":"Shading Mode"},"sceneLighting":true,"audioPlay":false,"sceneViewState":{"showFog":true,"showMaterialUpdate":false,"showSkybox":true,"showFlares":true,"showImageEffects":true,"showParticleSystems":true},"in2DMode":false,"pivot":{"x":-79.86882019042969,"y":6.312657356262207,"z":128.13973999023438},"rotation":{"x":-0.050669606775045398,"y":0.2819645404815674,"z":-0.014789245091378689,"w":-0.9580690860748291},"size":55.78746032714844,"orthographic":false}