{"cameraMode":{"drawMode":0,"name":"Shaded","section":"Shading Mode"},"sceneLighting":true,"audioPlay":false,"sceneViewState":{"showFog":true,"showMaterialUpdate":false,"showSkybox":true,"showFlares":true,"showImageEffects":true,"showParticleSystems":true},"in2DMode":false,"pivot":{"x":-73.84632873535156,"y":-1.2962710857391358,"z":137.39566040039063},"rotation":{"x":-0.13415716588497163,"y":0.32555460929870608,"z":-0.04661782458424568,"w":-0.9348434805870056},"size":10.90692138671875,"orthographic":false}