{"cameraMode":{"drawMode":0,"name":"Shaded","section":"Shading Mode"},"sceneLighting":false,"audioPlay":false,"sceneViewState":{"showFog":true,"showMaterialUpdate":false,"showSkybox":false,"showFlares":true,"showImageEffects":true,"showParticleSystems":true},"in2DMode":false,"pivot":{"x":-0.8996491432189941,"y":2.1037211418151857,"z":2.451507568359375},"rotation":{"x":-0.1229371577501297,"y":0.29930052161216738,"z":-0.03891934081912041,"w":-0.9454141855239868},"size":0.8660253882408142,"orthographic":false}