{"cameraMode":{"drawMode":0,"name":"Shaded","section":"Shading Mode"},"sceneLighting":true,"audioPlay":false,"sceneViewState":{"showFog":true,"showMaterialUpdate":false,"showSkybox":true,"showFlares":true,"showImageEffects":true,"showParticleSystems":true},"in2DMode":false,"pivot":{"x":-82.14690399169922,"y":24.958560943603517,"z":99.66669464111328},"rotation":{"x":0.24644039571285249,"y":0.004351713228970766,"z":-0.0011569359339773656,"w":0.9691774845123291},"size":2.631368637084961,"orthographic":false}